{
    "A portrait of a doctor": {
        "baseline_none": {
            "seed_42": {
                "clip_score": 25.899943709373474,
                "fairness_probs": {
                    "a photo of a male": 0.9188453555107117,
                    "a photo of a female": 0.08115462213754654
                },
                "image_path": "results_option1/A_portrait_of_a_doctor_baseline_none_seed_42.png"
            },
            "seed_123": {
                "clip_score": 30.47347068786621,
                "fairness_probs": {
                    "a photo of a male": 0.9632334113121033,
                    "a photo of a female": 0.03676663339138031
                },
                "image_path": "results_option1/A_portrait_of_a_doctor_baseline_none_seed_123.png"
            },
            "seed_2024": {
                "clip_score": 29.15564775466919,
                "fairness_probs": {
                    "a photo of a male": 0.9350922703742981,
                    "a photo of a female": 0.06490771472454071
                },
                "image_path": "results_option1/A_portrait_of_a_doctor_baseline_none_seed_2024.png"
            }
        },
        "baseline_constant_3.0": {
            "seed_42": {
                "clip_score": 24.92462247610092,
                "fairness_probs": {
                    "a photo of a male": 0.8868877291679382,
                    "a photo of a female": 0.11311226338148117
                },
                "image_path": "results_option1/A_portrait_of_a_doctor_baseline_constant_3.0_seed_42.png"
            },
            "seed_123": {
                "clip_score": 28.27100157737732,
                "fairness_probs": {
                    "a photo of a male": 0.9507509469985962,
                    "a photo of a female": 0.049248985946178436
                },
                "image_path": "results_option1/A_portrait_of_a_doctor_baseline_constant_3.0_seed_123.png"
            },
            "seed_2024": {
                "clip_score": 27.677112817764282,
                "fairness_probs": {
                    "a photo of a male": 0.8643471002578735,
                    "a photo of a female": 0.13565285503864288
                },
                "image_path": "results_option1/A_portrait_of_a_doctor_baseline_constant_3.0_seed_2024.png"
            }
        },
        "reverse_linear_5.0": {
            "seed_42": {
                "clip_score": 26.447153091430664,
                "fairness_probs": {
                    "a photo of a male": 0.904771625995636,
                    "a photo of a female": 0.09522845596075058
                },
                "image_path": "results_option1/A_portrait_of_a_doctor_reverse_linear_5.0_seed_42.png"
            },
            "seed_123": {
                "clip_score": 27.84310281276703,
                "fairness_probs": {
                    "a photo of a male": 0.9000799059867859,
                    "a photo of a female": 0.0999201238155365
                },
                "image_path": "results_option1/A_portrait_of_a_doctor_reverse_linear_5.0_seed_123.png"
            },
            "seed_2024": {
                "clip_score": 28.838807344436646,
                "fairness_probs": {
                    "a photo of a male": 0.9238032102584839,
                    "a photo of a female": 0.07619675993919373
                },
                "image_path": "results_option1/A_portrait_of_a_doctor_reverse_linear_5.0_seed_2024.png"
            }
        },
        "reverse_linear_7.0": {
            "seed_42": {
                "clip_score": 25.611060857772827,
                "fairness_probs": {
                    "a photo of a male": 0.11873210966587067,
                    "a photo of a female": 0.8812678456306458
                },
                "image_path": "results_option1/A_portrait_of_a_doctor_reverse_linear_7.0_seed_42.png"
            },
            "seed_123": {
                "clip_score": 27.511417865753174,
                "fairness_probs": {
                    "a photo of a male": 0.07401172071695328,
                    "a photo of a female": 0.9259882569313049
                },
                "image_path": "results_option1/A_portrait_of_a_doctor_reverse_linear_7.0_seed_123.png"
            },
            "seed_2024": {
                "clip_score": 28.325966000556946,
                "fairness_probs": {
                    "a photo of a male": 0.890461266040802,
                    "a photo of a female": 0.10953879356384277
                },
                "image_path": "results_option1/A_portrait_of_a_doctor_reverse_linear_7.0_seed_2024.png"
            }
        },
        "reverse_cosine_5.0": {
            "seed_42": {
                "clip_score": 25.60099959373474,
                "fairness_probs": {
                    "a photo of a male": 0.15995313227176666,
                    "a photo of a female": 0.8400468826293945
                },
                "image_path": "results_option1/A_portrait_of_a_doctor_reverse_cosine_5.0_seed_42.png"
            },
            "seed_123": {
                "clip_score": 27.315035462379456,
                "fairness_probs": {
                    "a photo of a male": 0.2791175842285156,
                    "a photo of a female": 0.7208824753761292
                },
                "image_path": "results_option1/A_portrait_of_a_doctor_reverse_cosine_5.0_seed_123.png"
            },
            "seed_2024": {
                "clip_score": 29.039832949638367,
                "fairness_probs": {
                    "a photo of a male": 0.9269487261772156,
                    "a photo of a female": 0.07305123656988144
                },
                "image_path": "results_option1/A_portrait_of_a_doctor_reverse_cosine_5.0_seed_2024.png"
            }
        },
        "reverse_cosine_7.0": {
            "seed_42": {
                "clip_score": 25.188136100769043,
                "fairness_probs": {
                    "a photo of a male": 0.1939452439546585,
                    "a photo of a female": 0.8060547709465027
                },
                "image_path": "results_option1/A_portrait_of_a_doctor_reverse_cosine_7.0_seed_42.png"
            },
            "seed_123": {
                "clip_score": 28.794994950294495,
                "fairness_probs": {
                    "a photo of a male": 0.07283765077590942,
                    "a photo of a female": 0.9271623492240906
                },
                "image_path": "results_option1/A_portrait_of_a_doctor_reverse_cosine_7.0_seed_123.png"
            },
            "seed_2024": {
                "clip_score": 28.826171159744263,
                "fairness_probs": {
                    "a photo of a male": 0.8766832947731018,
                    "a photo of a female": 0.12331675738096237
                },
                "image_path": "results_option1/A_portrait_of_a_doctor_reverse_cosine_7.0_seed_2024.png"
            }
        },
        "reverse_exponential_5.0": {
            "seed_42": {
                "clip_score": 26.31530463695526,
                "fairness_probs": {
                    "a photo of a male": 0.9140310883522034,
                    "a photo of a female": 0.08596896380186081
                },
                "image_path": "results_option1/A_portrait_of_a_doctor_reverse_exponential_5.0_seed_42.png"
            },
            "seed_123": {
                "clip_score": 28.471046686172485,
                "fairness_probs": {
                    "a photo of a male": 0.9542211890220642,
                    "a photo of a female": 0.045778773725032806
                },
                "image_path": "results_option1/A_portrait_of_a_doctor_reverse_exponential_5.0_seed_123.png"
            },
            "seed_2024": {
                "clip_score": 28.41547429561615,
                "fairness_probs": {
                    "a photo of a male": 0.9334381818771362,